item_id|date|category|title|content|link|photo_link
game-news_2025-03-06_1|2025-03-06|遊戲新聞|《明日方舟》聯名「吉豚屋」推出合作套餐，隨餐贈周邊禮品及虛寶卡|['由龍成網路代理營運的新型態戰術攻防 RPG《明日方舟》今（6）日宣布與知名連鎖豬排店「吉豚屋」聯名推出合作套餐，自3月6日至3月26日止限時販售。此外，主題曲 EP14「慈悲燈塔」活動限時登場，「何以為我」限定尋訪開啟，六星幹員「維什戴爾(限定)」、「邏各斯」同步登場。', '活動時間：3月6日~3月26日', '本次聯名活動中，以人氣招牌『Katsudon』、『鹹甜交織日式壽喜牛』、『職人南蠻炸雞』，三重組合讓你一次享有三種不同的滋味的「魂靈之影」套餐，以及由80g酥脆里肌豬排，淋上香濃的日本進口咖哩醬，除了搭配鮮脆高麗菜絲解膩，還附上一碗道地味噌熬煮而成的豬肉味噌湯組合而成的「慈悲願景」兩種套餐可供選擇。凡購買聯名合作套餐，隨餐送贈明日方舟精美周邊禮品以及虛寶卡！（數量有限，送完為止）', '為感謝各位玩家們對《明日方舟》的長期支持與喜愛，本次與「吉豚屋」跨界合作中，特別於台北挑選兩間門市「吉豚屋館前店」、「吉豚屋信義旗艦店」推出聯動主題形象店，並宣布於台北館前店舉辦官方活動「一日店長」，活動當日中選玩家可到店免費享用聯名套餐，參與百分百中獎的周邊抽獎活動。', '活動地點：吉豚屋台北館前店 2F', '主題店址：台北市中正區信陽街27號', '活動時間：2025年3月15日(六)', '第一場次 11:00 - 12:30 單場次共計40人', '第二場次 13:30 - 15:00 單場次共計40人', '特邀人氣Coser「亞織Aori」以及「穎兒」擔任一日店長，與玩家們一同共度美好的用餐時光，留下難忘的美好回憶。', '參與「一日店長」活動需提前報名預約，獲選名單以官方公佈為準，詳細訊息請參考官方Facebook公告內容。', '主題曲EP14「慈悲燈塔」開啟', '活動時間：3月6日 16:00 - 3月20日 03:59', '活動期間，主題曲EP14【慈悲燈塔】關卡門檻將限時降低，玩家只要通關主線1-10即可直接體驗【慈悲燈塔】，限時獲取「急性感染抑制劑」（可用於兌換戰略倉庫內物品）及掉率提升材料。', '「塵封密室」活動登場', '活動説明：玩家可藉由完成【慈悲燈塔】關卡、【隱秘戰線】玩法任務來獲取獎勵，用以解鎖【塵封密室】中的特殊留言，完成後可獲得六星幹員【魔王】、【魔王】信物等活動獎勵。', '限時尋訪「何以為我」開啟', '活動時間：3月6日 16:00 - 3月20日 03:59', '活動期間內【限定尋訪·慶典】-【何以為我】開啟，該尋訪中六星幹員「維什戴爾(限定)」、「邏各斯」、「繆爾賽思(限定)」、「緘默德克薩斯(限定)」、「歸溟幽靈鯊(限定)」以及五星幹員「歷陣銳槍芬」出現機率提升。記得把握此次機會入手特定幹員，提升羅德島的戰力。', '感謝慶典 限定尋訪每日贈送', '活動時間：3月6日 16:00 - 3月20日 03:59', '活動期間內，玩家每日可在「何以為我」限定尋訪中免費進行尋訪一次，別忘了每日登入遊戲領取免費尋訪機會喔！', '《明日方舟》x「吉豚屋」聯名活動以及「慈悲燈塔」等全新內容已於今日正式推出，歡迎加入官方社群，掌握最新活動訊息。', '－', '以上內容為廠商提供資料原文']|https://tw.news.yahoo.com/%E3%80%8A%E6%98%8E%E6%97%A5%E6%96%B9%E8%88%9F%E3%80%8B%E8%81%AF%E5%90%8D%E3%80%8C%E5%90%89%E8%B1%9A%E5%B1%8B%E3%80%8D%E6%8E%A8%E5%87%BA%E5%90%88%E4%BD%9C%E5%A5%97%E9%A4%90%EF%BC%8C%E9%9A%A8%E9%A4%90%E8%B4%88%E5%91%A8%E9%82%8A%E7%A6%AE%E5%93%81%E5%8F%8A%E8%99%9B%E5%AF%B6%E5%8D%A1-072749618.html|https://s.yimg.com/os/creatr-uploaded-images/2025-03/31833ab0-fa56-11ef-9fbf-e4857a8bde4f
game-news_2025-03-06_2|2025-03-06|遊戲新聞|《GTAV》PC強化版正式推出再度引起風潮！與原版遊戲一起成Steam玩家同上前10名遊戲寫成就！|['《俠盜獵車手5》（GTAV）對於許多玩家來說可說是這個世代的經典之作了，在推出 12 年之後，RockStar Games 於日前推出了 PC 版本的《俠盜獵車手5》強化版，支援 DLSS 等現代技術，也替這款老遊戲更新更好的畫面與光影效果，並且也讓擁有原版《俠盜獵車手5》的玩家能夠免費升級。而在強化版推出之後，《俠盜獵車手5》也再度寫下新的歷史：與原版一起登上 Steam 同上玩家排行榜，成為唯一一款有兩個版本進入排行榜的遊戲。', '根據 SteamDB 的數據統計，在《俠盜獵車手5（GTAV）》的 PC 增強版於 4 日釋出之後，在昨（5）天晚上不論是增強版還是原版遊戲都突破 10 萬玩家同上，一起進入 Steam 同上玩家排行榜的前 10 名，也成為唯一一款達成這個成就的遊戲。', '此外，目前《俠盜獵車手5》原版在 Steam 平台上的玩家同上最高峰值為 364,548 人，是《俠盜獵車手5》強化版同上最高峰的 2 倍。不過，由於《俠盜獵車手5》強化版能夠讓買過《俠盜獵車手5》原版的玩家免費升級，因此接下來《俠盜獵車手5》強化版也將更有機會打破這個紀錄。也或許，這個特殊成就也反映了玩家們希望快點玩到《俠盜獵車手6》的心情，因為實在是等不及了。']|https://tw.news.yahoo.com/%E3%80%8Agtav%E3%80%8Bpc%E5%BC%B7%E5%8C%96%E7%89%88%E6%AD%A3%E5%BC%8F%E6%8E%A8%E5%87%BA%E5%86%8D%E5%BA%A6%E5%BC%95%E8%B5%B7%E9%A2%A8%E6%BD%AE%EF%BC%81%E8%88%87%E5%8E%9F%E7%89%88%E9%81%8A%E6%88%B2%E4%B8%80%E8%B5%B7%E6%88%90steam%E7%8E%A9%E5%AE%B6%E5%90%8C%E4%B8%8A%E5%89%8D10%E5%90%8D%E9%81%8A%E6%88%B2%E5%AF%AB%E6%88%90%E5%B0%B1%EF%BC%81-070328525.html|https://s.yimg.com/os/creatr-uploaded-images/2025-03/9a6bb230-fa58-11ef-bbff-2c3aab4d1b17
game-news_2025-03-06_3|2025-03-06|遊戲新聞|《魔物獵人 荒野》真的太簡單？玩家投票僅3%認為遊戲有難度|['卡普空（Capcom）的新作《魔物獵人 荒野》（Monster Hunter Wilds）已經發售將近一個禮拜，不少玩家應該都陸續破完主線劇情進入上位階段，而本作在發售前就被媒體評測指稱是新手最適合入門的一代，但也對「遊戲變簡單很多」感到擔憂，如今在玩家實際接觸到遊戲後，國外媒體便展開調查，看看大眾是否對《魔物獵人 荒野》真的認為太簡單，而目前結果僅有 3% 玩家認為遊戲有難度。', '國外專注在 PlayStation 消息的媒體 Push Square 今日展開投票，邀請玩家投出自己認為本次《魔物獵人 荒野》的難度，截至撰稿為止有 464 人投票，其中有 19% 玩家認為這代缺乏挑戰性令人失望，20% 認為有時確實有點太簡單，23% 認為有點簡單但不介意，35% 認為難度對他來說算是適中，而僅有 3% 玩家認為這個遊戲有難度。', '此外，在投票中也詢問了玩家目前的進度，大約有 43% 人都還在過主線，其他的則多半落在 HR 10～60 的區間，有 7% 則是已經達到 HR 100 以上。', '顯然《魔物獵人 荒野》在武器的上手程度、魔物的血量與攻擊力、便利的遊戲機制等，都有調降到能夠「吸引新玩家入坑」，就銷量 3 天 800 萬套的成績來說，的確相當成功，不過對於有玩過系列作的老獵人，可能就得期待未來更新放入更高難度的魔物，才能夠享受到挑戰樂趣，目前預計 4 月初會釋出首個大更新，預計會有比歷戰強度更高的魔物登場。']|https://tw.news.yahoo.com/%E3%80%8A%E9%AD%94%E7%89%A9%E7%8D%B5%E4%BA%BA-%E8%8D%92%E9%87%8E%E3%80%8B%E7%9C%9F%E7%9A%84%E5%A4%AA%E7%B0%A1%E5%96%AE%EF%BC%9F%E7%8E%A9%E5%AE%B6%E6%8A%95%E7%A5%A8%E5%83%853%E8%AA%8D%E7%82%BA%E9%81%8A%E6%88%B2%E6%9C%89%E9%9B%A3%E5%BA%A6-065547179.html|https://s.yimg.com/os/creatr-uploaded-images/2025-03/76ae5510-fa57-11ef-bbff-306d25420aff
game-news_2025-03-06_4|2025-03-06|遊戲新聞|《殺戮空間3》變英雄射擊遊戲？玩家分享封測心得：玩具槍手感、角色綁職業、最佳化不好|"['Tripwire Interactive 睽違 7 年的《殺戮空間》系列第三部續作《殺戮空間3》（Killing Floor 3），即將在 3 月 25 日正式推出。然而正式推出前，《殺戮空間3》卻進行了一次封閉測試，但評價慘烈遭到許多玩家批評，甚至有不少玩家直接表明體驗後就取消預購，很難相信開發商可以在這剩下的 1 個月中修正遊戲內的問題。', '首先《殺戮空間3》將角色與直接系統綁定，不再像是過去一樣能自由選擇。甚至更直言要大家別買，提到測試中的槍枝射擊手感差的像是玩具沒重量、動作感像是《Apex英雄》、介面很糟糕、治療不再是無限、玩家能被復活、配音與台詞幽默對話全被砍...等，更指出這次遊戲中的敵人 Zeds 設計不如二代精緻，不論是外型或是動畫都很差，甚至在最佳化上面並不理想。', '甚至比起《殺戮空間2》是推出後才加入戰利品箱機制，這次《殺戮空間3》封閉測試期間就確定會有大量「微交易」內容。許多參加測試的玩家說明，遊戲中包含了戰鬥通行證，以及付費貨幣的商業化模式，擔心正式版的核心體驗會被犧牲，轉而追求盈利。', ""- Awful voice acting- Movement feels like Apex- Animations are janky- Gunplay feels weak- UI is awful- healing is no longer unlimited- people will can be revived off the ground like CoD- Zeds don't feel like Zeds anymore- characters are annoying- loadouts SUCK"", '— Hallowz_eve 🎃 (@006Mlg) February 24, 2025', 'Killing Floor 3s art design is abysmal. Every single Zed looks atrocious and it pains me to say that cause KF2s Zeds were masterpieces, as well as their event designs. How do we go from Awesome spider/Human hybrids to... Mouths with legs and shit animations for Crawlers?', '— Glaceonics TTV (@Glaceonics) February 28, 2025', '不少玩家都指出先是前年的《PAYDAY 3》，現在又輪到第二款知名的 PvE 合作射擊遊戲《殺戮空間3》，認為遊戲開發商根本不清楚粉絲們想要的是什麼，沒有經過多次測試與修改，趕在上市前隨便測試一下就想要推出：「《殺戮空間3》變成一款英雄射擊遊戲了」、「我現在有夠不爽，到底是哪個負責人認為這樣綁定角色是好主意的」、「還是好玩，但玩起來已經不像是《殺戮空間》」、「為什麼硬要拖到上市前才測試？這樣有時間修改嗎？」', ""I am incredibly beyond pissed that whoever is in fucking charge of #killingfloor3 decided to THINK that operators are a good idea. YOU'RE JUST KILLING THE PERSONALITY OF THE GAME FRANCHISE FOR FUCKS SAKE"", '— Wizardcorgi (@WizardCorgi) February 24, 2025', ""Look, Tripwire! I liked Killing Floor 3, and I think some people are exaggerating by saying the game is bad, which isn't true. But there are some things you could change, you know? Like the hero system and the lack of weight in the weapons—it doesn't feel like Killing Floor. pic.twitter.com/L8TFoE48RW"", '— Runner (@sc_runner) February 27, 2025']"|https://tw.news.yahoo.com/%E3%80%8A%E6%AE%BA%E6%88%AE%E7%A9%BA%E9%96%933%E3%80%8B%E8%AE%8A%E8%8B%B1%E9%9B%84%E5%B0%84%E6%93%8A%E9%81%8A%E6%88%B2%EF%BC%9F%E7%8E%A9%E5%AE%B6%E5%88%86%E4%BA%AB%E5%B0%81%E6%B8%AC%E5%BF%83%E5%BE%97%EF%BC%9A%E7%8E%A9%E5%85%B7%E6%A7%8D%E6%89%8B%E6%84%9F%E3%80%81%E8%A7%92%E8%89%B2%E7%B6%81%E8%81%B7%E6%A5%AD%E3%80%81%E6%9C%80%E4%BD%B3%E5%8C%96%E4%B8%8D%E5%A5%BD-064122943.html|https://s.yimg.com/os/creatr-uploaded-images/2025-03/48ace7f0-fa55-11ef-abff-2907007dc57b
game-tips_2025-03-03_1|2025-03-03|遊戲攻略|《魔物獵人 荒野》超實用技巧！1塊生肉烤出12個全熟肉的方法|['卡普空（Capcom）遊戲大作《魔物獵人 荒野》在 2 月 28 日上市後創造熱潮，光是在 Steam 平台週末就衝上 138 萬的最高玩家數，而或許有些人已經知道，遊戲內的「全熟肉」是相當好用的道具，而且在烤肉上有技巧存在，可以使用 1 個生肉就換出 12 個全熟肉！以下簡單解講步驟～', '相關文章：《魔物獵人 荒野》新手武器推薦！先從這五種入坑，近戰到遠程任你挑', '編輯推薦去「天塹沙原」的大本營附近找雷甲龍，數量多又不會還手，狩獵一次打到的生肉足夠產出蠻多全熟肉可以使用了。', '第一個步驟，編輯習慣先以畫面為準來看，在角色翻面肉，「變色的那一瞬間」就舉起來，這時如果沒有配合音效切下，會獲得 6 個全熟肉。', '第二個步驟，在變色瞬間舉起來後，仔細聽背景會有四個咚的聲音，接著配合音效或是畫面上角色切肉的瞬間（看自己習慣用看的還是用聽的），按下五次按鍵（PS5 為 X），即可獲得 12 個全熟肉！', '判定不算嚴格，如果失敗的話就多練幾次看看吧！', '全熟肉最主要的功能就是可以恢復血量以及耐力的上限到全滿狀態，同時會補血條一半左右的血量，可以當作半個秘藥來使用，小缺點就是進食的時間稍微久一點，不過可以在魔物換區的時候使用，還算便利。']|https://tw.news.yahoo.com/%E3%80%8A%E9%AD%94%E7%89%A9%E7%8D%B5%E4%BA%BA-%E8%8D%92%E9%87%8E%E3%80%8B%E8%B6%85%E5%AF%A6%E7%94%A8%E6%8A%80%E5%B7%A7%EF%BC%811%E5%A1%8A%E7%94%9F%E8%82%89%E7%83%A4%E5%87%BA12%E5%80%8B%E5%85%A8%E7%86%9F%E8%82%89%E7%9A%84%E6%96%B9%E6%B3%95-065542306.html|https://s.yimg.com/os/creatr-uploaded-images/2025-03/4cc183d0-f7fa-11ef-8ebd-da49adacdebc
game-tips_2025-03-01_2|2025-03-01|遊戲攻略|《魔物獵人 荒野》次要使命「足跡蜥蜴」在哪裡？捕捉地點快速看|['《魔物獵人 荒野》（Monster Hunter Wilds）玩家在進入第三章之後，回到天塹沙原的大本營，在主線任務角色的後面帳篷內，會接到「達里爾的研究報告」次要使命（支線任務），要玩家尋找環境生物「足跡蜥蜴」，不過並未給任何指示，可能很多玩家都在苦苦尋找吧？編輯下面馬上告訴你在哪裡！', '《魔物獵人 荒野》新手武器推薦！先從這五種入坑，近戰到遠程任你挑', '《魔物獵人 荒野》玩家必學13個實用小技巧！刷寶玉、金冠個體、農素材、投射器正確用法', '首先打開地圖，天塹沙原中標記「12」、「16」的位置的差不多正中間位置（參考如下圖），地點在一個要往下走的斜坡處，會有兩隻長得很像松鼠的生物，那就是足跡蜥蜴，如果靠近不及時捕捉他們就會鑽地逃跑，如果被他們跑掉了，可以傳送回大本營，再傳到這地點附近的臨時營地，走回來就可以看到他們重生囉。', '所以在靠近前記得先裝備好網子，一靠近就直接瞄準射擊。']|https://tw.news.yahoo.com/%E3%80%8A%E9%AD%94%E7%89%A9%E7%8D%B5%E4%BA%BA-%E8%8D%92%E9%87%8E%E3%80%8B%E6%AC%A1%E8%A6%81%E4%BD%BF%E5%91%BD%E3%80%8C%E8%B6%B3%E8%B7%A1%E8%9C%A5%E8%9C%B4%E3%80%8D%E5%9C%A8%E5%93%AA%E8%A3%A1%EF%BC%9F%E6%8D%95%E6%8D%89%E5%9C%B0%E9%BB%9E%E5%BF%AB%E9%80%9F%E7%9C%8B-144234727.html|https://s.yimg.com/os/creatr-uploaded-images/2025-03/ed526280-f6a9-11ef-b7e3-b9596892d59b
game-tips_2025-03-01_3|2025-03-01|遊戲攻略|《魔物獵人 荒野》如何跟好友一起解主線任務、連線共鬥？簡單解釋快速上手|['卡普空（Capcom）大作《魔物獵人 荒野》（Monster Hunter Wilds）已經在 2 月 28 日於全球上線，不少獵人應該都已經第一時間開玩了吧？身為一款「共鬥遊戲」，應該有許多人都跟編輯一樣習慣跟好友一起狩獵，不過可能有些新手或是剛入坑的不知道《魔物獵人 荒野》要如何一起組隊解主線、自由狩獵，下面簡單解講讓大家能快速上手，享受共鬥的樂趣！', '《魔物獵人 荒野》新手武器推薦！先從這五種入坑，近戰到遠程任你挑', '《魔物獵人 荒野》玩家必學13個實用小技巧！刷寶玉、金冠個體、農素材、投射器正確用法', 'NVIDIA推出《魔物獵人 荒野》顯卡新版驅動！針對遊戲進行最佳化', '首先，最重要的就是先跟好友們彼此先加入遊戲中的好友吧！最簡單的方式就是透過獨一無二的「獵人ID」來加好友，這是一組八位英文+數字組合成的 ID，可以在選單資訊那列的「獵人簡介」中找到，在畫面左上角（記得切換，PS5 按鈕為 R3）名字下方就可以找到獵人 ID 囉！', '再來就是打開交流那一列「成員清單」的選項，選到最右邊的「獵人ID搜尋」，即可順利把好友加入到自己的好友清單中。', '加完好友後，那要如何跟朋友一起過主線任務呢？首先要說的是，玩家還是得各自分別過主線任務看劇情，並且都要推到魔物登場後，會跳出狩獵開始，這時如果你是同一個「連結隊伍」的成員，系統就會自動發送邀請通知，讓連結隊伍的成員可以加入一起狩獵，不用擔心進度問題，如果你加入了另一名成員的任務，結束後你的主線進度也會自動推進。', '簡單來說，如果你進度落後於朋友，即使你們在同個連結隊伍，那你是無法加入朋友主線任務的狩獵邀請的。反過來說，如果你的進度比較超前，當朋友進入戰鬥後，你就可以透過邀請直接加入幫打。', '那要如何加入連結隊伍呢？很簡單，前面先加完好友後，只要打開選單中交流那一列的連結隊伍，就會有「邀請至連結隊伍」選項，再直接邀請好友加入即可。', '連結隊伍的上限為四人，加入後彼此都還是可以在自己的世界狩獵、採集，也可以快速加入連結隊伍成員中的狩獵任務一起打。', '即便是在同一個連結隊伍，不過一旦出了營地，大家的世界是會各自分開的，那要如何讓大家都在同一張地圖一起行動自由活動與狩獵？那就得靠「環境連結」這個功能。', '在連結隊伍中，還有一個「邀請所有人加入環境連結」，接受後就會被傳到邀請者的「同一張地圖」能夠一起在地圖上自由行動，但在任務進行中時，這個選項是按不了的，這時玩家就得自己推使命（也就是主線劇情）的進度或是解完自由任務，等到能夠自由行動的時候才會解鎖。', '除了上述提到的功能之外，《魔物獵人 荒野》中還有一個「小隊」功能可以使用，它是一個類似於公會的系統，創建/加入後可以從任務櫃檯的大廳功能找到「小隊大廳」，只要進入後即便不用在同個連結隊伍，也可以從任務這邊的「大廳成員任務」找到其他人正在進行的任務，加入一起狩獵。', '此外，玩家是允許加入不同的小隊的，如果你有不同的朋友圈都在玩《魔物獵人 荒野》的話，那這個功能可能對你來說就會挺實用的。']|https://tw.news.yahoo.com/%E3%80%8A%E9%AD%94%E7%89%A9%E7%8D%B5%E4%BA%BA-%E8%8D%92%E9%87%8E%E3%80%8B%E5%A6%82%E4%BD%95%E8%B7%9F%E5%A5%BD%E5%8F%8B%E4%B8%80%E8%B5%B7%E8%A7%A3%E4%B8%BB%E7%B7%9A%E4%BB%BB%E5%8B%99%E3%80%81%E9%80%A3%E7%B7%9A%E5%85%B1%E9%AC%A5%EF%BC%9F%E7%B0%A1%E5%96%AE%E8%A7%A3%E9%87%8B%E5%BF%AB%E9%80%9F%E4%B8%8A%E6%89%8B-132953125.html|https://s.yimg.com/os/creatr-uploaded-images/2025-03/5ab81b30-f6a0-11ef-b7df-060213824a8e
game-tips_2025-02-28_4|2025-02-28|遊戲攻略|《魔物獵人 荒野》新手武器推薦！先從這五種入坑，近戰到遠程任你挑【攻略】|['Capcom（卡普空）大作《魔物獵人 荒野》（Monster Hunter Wilds）2 月 28 日就要在 PC Steam、PS5 以及 Xbox Series X/S 正式上市，目前已經開放預載，而這次的熱潮更讓不少人大換 PC 設備甚至購入 PS5 Pro，就為了能夠有順暢的遊戲體驗。想必也有不少新手被今年最大的作品之一吸引入坑吧，以下編輯就綜合個人經驗與各方意見，推薦新手較易上手的武器，讓你好好體驗狩獵的樂趣！', '《魔物獵人 荒野》上市總整理：預載&開放時間、登場魔物、武器、PC配備需求懶人包一次看', '這次的《魔物獵人 荒野》一共有 14 種武器，均是過去作品就有的類型，雖然沒有新的有點可惜（原因見此），不過這 14 種之中也都有進行不少改動與調整，包含：', '「大劍」（可防禦）：攻擊動作和移動較緩慢，但每一下攻擊的威力都很高。可利用一擊即逃戰術，也可以防禦，應付不同情況。', '「重弩槍」（可防禦）：從遠距離發射彈藥攻擊的武器。龍熱模式時，可消耗能量發射特殊彈藥。龍熱會隨著時間回復，射擊命中時亦會回復。 除可手動防禦外，特定情況下亦會自動防禦。', '「操蟲棍」（不可防禦）：利用操蟲戰鬥的武器。可以採取精華強化自身。也可跳躍，並從空中攻擊。', '「銃槍」（可防禦）：可使出長距離突刺和砲擊的武器。亦可利用墊步靈活移動。 防禦性能亦高，擁有各種極為強力的砲擊。', '「狩獵笛」（不可防禦）：一邊利用演奏強化自己，一邊行動的打擊武器。設置響玉後，在其範圍內可獲得特殊效果。同伴也會受惠於演奏效果。', '「太刀」（不可防禦）：動作較快，擅長連續攻擊的武器。可以看破魔物攻擊再反擊。 部分攻擊命中後會使練氣計量表的顏色階段上升。練氣計量表變成紅色後，部分動作會獲得強化。', '「充能斧」（可防禦）： 能利用合體，在兩種模式之間切換的武器。在斧模式可以造成高傷害；劍模式時動作較靈活，能夠快速發動攻擊。', '「大錘」（不可防禦）：兼具機動性和破壞力的打擊武器。蓄力後可使出強力攻擊。 擊中魔物頭部，就可使其昏厥。', '「輕弩槍」（不可防禦）：從中距離發射彈藥攻擊的武器。機動性高，擅長高速射擊和迴避， 消費速射能量就可進行多次射擊。速射能量會隨著時間回復，射擊命中時亦會回復。利用各種不同彈藥狩獵吧。', '「單手劍」（可防禦）：擅長高速移動和攻擊的武器。可利用盾攻擊或防禦。拔刀時也可使用部分道具。', '「斬擊斧」（不可防禦）：能在兩種模式之間切換變形的武器。斧模式的攻擊範圍較大；劍模式的攻擊速度較快。', '「弓」（不可防禦）： 可進行各種不同射擊的中距離武器。箭的威力會在蓄力後上升，兼具高機動性。誘導箭命中後，箭會自動追蹤目標。誘導箭會在受一定傷害後或於一定時間後爆炸。', '「長槍」（可防禦）：具頂級防禦性能的武器。擅長破綻小的突刺攻擊。利用各種防禦動作來狩獵。', '「雙劍」（不可防禦）：擅長連續攻擊的武器。鬼人化後攻擊會獲得強化。鬼人強化狀態時，部分動作會獲得強化。', '綜合編輯自己個人經驗以及兩次的試玩，還有各方的討論，如果是初次入坑《魔物獵人》的新手，建議可以選擇以下幾種類型：大劍、太刀、弓、輕/重弩槍。', '🔸大劍：雖然拔刀後移動速度比較慢，不過攻擊相當高範圍也不錯且兼具防禦功能，主要需要掌握蓄力攻擊的時機與方向，對於新手來說應該相對容易上手。', '🔸太刀：可以說是《魔物獵人》一直以來最多人使用的武器，兼具帥氣與優良的攻擊力讓不少人都搶當「太刀俠」，攻擊速度與靈活性比大劍高了不少，加上這次簡化系統後集氣相當快，稍微學習一下就能打出華麗又傷害不俗的斬擊，可以說是新手近戰系入坑的最佳選擇。', '🔸弓：算是編輯自己最愛用的武器，在前面的測試中可說是傷害毀天滅地（？）的存在，不過正式版有稍微削弱。弓其實算是中程武器所以也不能離怪太遠攻擊，但已經足以觀察魔物的攻擊與行動，加上這次的「導引箭」功能，射出後能夠增傷還可以自動追蹤目標，對於新手來說相當方便。要玩得好則是要練習精準閃避來迅速回覆耐力持續進攻，並且要隨時保持有導引箭、彈藥瓶維持高輸出。', '🔸輕/重弩槍：雖然其實是兩把不同的武器，不過編輯認為兩者的操作邏輯其實差不多，學會使用一把後另一種也可以快速上手，輕弩槍的機動性較高、重弩槍的火力較高但移動慢一些，有著各種彈藥選擇，可以對魔物上異常狀態也能夠打出回復血量與增加攻擊力的彈藥，算是很萬用的武器，加上遠程也比較容易閃躲、觀察魔物的動作，如果是喜歡遠程的新手玩家不妨先從這兩種類開始吧！', '當然也不是說非以上的武器就不好用，不過要能上手的學習成本會相對高一點，而《魔物獵人 荒野》內一共有 14 種類型，每個人其實也有自己的操作習慣，如果這幾把都不愛的話，遊戲內也有訓練場所，可以先分別試過一輪以後，再選擇自己最喜歡的武器來去學習操作，從低階魔物開始實際試刀，總有一天也能成為技巧高超的老獵人啦！', '更多攻略：《魔物獵人 荒野》玩家必學13個實用小技巧！刷寶玉、金冠個體、農素材、投射器正確用法']|https://tw.news.yahoo.com/%E3%80%8A%E9%AD%94%E7%89%A9%E7%8D%B5%E4%BA%BA-%E8%8D%92%E9%87%8E%E3%80%8B%E6%96%B0%E6%89%8B%E6%AD%A6%E5%99%A8%E6%8E%A8%E8%96%A6%EF%BC%81%E5%85%88%E5%BE%9E%E9%80%99%E4%BA%94%E7%A8%AE%E5%85%A5%E5%9D%91%EF%BC%8C%E8%BF%91%E6%88%B0%E5%88%B0%E9%81%A0%E7%A8%8B%E4%BB%BB%E4%BD%A0%E6%8C%91%E3%80%90%E6%94%BB%E7%95%A5%E3%80%91-065644713.html|https://s.yimg.com/os/creatr-uploaded-images/2025-02/acd63590-f408-11ef-bcef-b44d0ba30dba
esports_2025-03-06_1|2025-03-06|電競賽事|2025《英雄聯盟》國際賽賽制改動：季中賽冠亞軍賽區世界賽多一張門票、世界賽入圍賽只有一個BO5|['2025《英雄聯盟》職業賽季的第一場國際賽事 First Stand 初陣對抗賽即將於下週正式登場，來自全球五大賽區的第一賽段冠軍將齊聚一堂，爭奪最後的冠軍榮耀。而在初陣對抗賽上獲得冠軍的賽區除了榮耀之外，也將讓自己賽區再參加《英雄聯盟》季中邀請賽時，第三種子直接跳過入圍賽，從淘汰賽階段出發。而官方昨（5）天也正式發布今年《英雄聯盟》季中邀請賽與世界大賽的相關賽制調整，其中《英雄聯盟》季中邀請賽的冠軍隊伍將直接晉級世界大賽，而亞軍隊伍則能替自己的賽區多爭取一張世界大賽門票。', '與往年相同，今年《英雄聯盟》全球整合成 5 大賽區後，每個賽區的前兩名隊伍將獲得參加《英雄聯盟》季中邀請賽的資格，這其中每個賽區的冠軍隊伍都將直接從淘汰賽階段出發，初陣對抗賽的冠軍賽區將獲得福利，第二名隊伍也將跳過入圍賽階段直接進軍淘汰賽。而其他四個賽區的第二名隊伍則將先從《英雄聯盟》季中邀請賽的入圍賽開始打起，採用 GSL 賽制，決定兩隻晉級淘汰賽的隊伍。最後淘汰賽階段則採取雙敗 BO5 淘汰制，直到最後的《英雄聯盟》季中邀請賽冠軍誕生。', '[OFFICIAL] MSI and Worlds Format ⬇️MSI🥇- Top 2 teams from each regions qualify for the MSI- Winner still qualifies directly to Worlds- The 2nd Place Region earns a 4th seed for its league at Worlds- 1st seed of each region and 2nd seed from the winning region of First… pic.twitter.com/ryUdMTPEKP', '— Sheep Esports (@Sheep_Esports) March 5, 2025', '今年《英雄聯盟》季中邀請賽的冠軍隊伍與去年相同，將直接拿到 2025《英雄聯盟》世界大賽的參賽資格，所屬賽區也將有四張《英雄聯盟》世界大賽門票，此外，亞軍賽區也會替自己的賽區多爭取一張世界大賽門票，讓今年《英雄聯盟》世界大賽的參賽隊伍達到 17 隊（每個賽區 3 張門票加上《英雄聯盟》季中邀請賽冠亞軍賽區的第四張門票）。', '而在今年的《英雄聯盟》世界大賽中，《英雄聯盟》季中邀請賽產生的兩支第四種子隊伍將從入圍賽出發，進行 BO5 賽事決定誰能挺進瑞士輪賽事。瑞士輪將包括五大賽區的前三種子，並與去年《英雄聯盟》世界大賽相同，先獲得 3 勝晉級，而 3 敗淘汰，決定誰能挺進八強後的淘汰賽，最後決出今年的 2025《英雄聯盟》世界冠軍。']|https://tw.news.yahoo.com/2025%E3%80%8A%E8%8B%B1%E9%9B%84%E8%81%AF%E7%9B%9F%E3%80%8B%E5%9C%8B%E9%9A%9B%E8%B3%BD%E8%B3%BD%E5%88%B6%E6%94%B9%E5%8B%95%EF%BC%9A%E5%AD%A3%E4%B8%AD%E8%B3%BD%E5%86%A0%E4%BA%9E%E8%BB%8D%E8%B3%BD%E5%8D%80%E4%B8%96%E7%95%8C%E8%B3%BD%E5%A4%9A%E4%B8%80%E5%BC%B5%E9%96%80%E7%A5%A8%E3%80%81%E4%B8%96%E7%95%8C%E8%B3%BD%E5%85%A5%E5%9C%8D%E8%B3%BD%E5%8F%AA%E6%9C%89%E4%B8%80%E5%80%8Bbo5-055021914.html|https://s.yimg.com/os/creatr-uploaded-images/2024-11/2406b100-9926-11ef-8fef-40e8887613f3
esports_2025-03-05_2|2025-03-05|電競賽事|《英雄聯盟》初陣對抗賽賽程公布！CFO第二天才登場，首戰面對歐洲KC|['2025《英雄聯盟》First Stand 初陣對抗賽將於下週 3 月 10 日至 16 日在韓國首爾的 LoLPark 登場，來自全球五大賽區的冠軍隊伍將齊聚一堂，爭奪今年第一個國際賽事的總冠軍。在第一階段，五大賽區的冠軍隊伍將連續進行 4 天的單循環賽事，每天進行兩個 BO3，並淘汰循環賽中的最後一名隊伍，接著將在 3 月 15、16 日兩天進行 BO5 單敗淘汰制，決定首屆初陣對抗賽的總冠軍。', '初陣對抗賽目前賽程安排已經出爐，LCP 賽區代表 CFO 首日沒出賽，第二日首戰則是面對歐洲賽區的 KC，由於是循環賽，後面則還會再陸續對上 HLE、TL、TES，戰績要擠進前四名（也就是不要最後一名）才能挺進 3 月 16 日的四強淘汰賽。', '3 月 10 日（一）', '16：00 TL vs KC（BO3）', '19：00 HLE vs TES（BO3）', '3 月 11 日（二）', '16：00 CFO vs KC（BO3）', '19：00 TL vs TES（BO3）', '3 月 12 日（三）', '16：00 CFO vs HLE（BO3）', '19：00 KC vs TES（BO3）', '3 月 13 日（四）', '16：00 TL vs CFO（BO3）', '19：00 KC vs HLE（BO3）', '3 月 14 日（五）', '16：00 CFO vs TES（BO3）', '19：00 TL vs HLE（BO3）', '3 月 15 日（六）', '12：00 TBD vs TBD（BO5）', '17：00 TBD vs TBD（BO5）', '3 月 16 日（日）', '16：00 TBD vs TBD（BO5）', '此外，台灣地區除了官方轉播平台外，去年退役的 Maple、以及前閃電狼下路 NL 與實況主 RB 也都會進行 Co-Stream 活動，陪伴粉絲們一起看比賽。']|https://tw.news.yahoo.com/%E3%80%8A%E8%8B%B1%E9%9B%84%E8%81%AF%E7%9B%9F%E3%80%8B%E5%88%9D%E9%99%A3%E5%B0%8D%E6%8A%97%E8%B3%BD%E8%B3%BD%E7%A8%8B%E5%85%AC%E5%B8%83%EF%BC%81cfo%E7%AC%AC%E4%BA%8C%E5%A4%A9%E6%89%8D%E7%99%BB%E5%A0%B4%EF%BC%8C%E9%A6%96%E6%88%B0%E9%9D%A2%E5%B0%8D%E6%AD%90%E6%B4%B2kc-043640752.html|https://s.yimg.com/os/creatr-uploaded-images/2025-03/0f492440-f97b-11ef-abff-3d69e5153a7d
esports_2025-03-05_3|2025-03-05|電競賽事|《英雄聯盟》初陣對抗賽3月10日開戰！五大賽區冠軍分別是誰？|['2025《英雄聯盟》職業賽季的第一場國際賽事 First Stand 初陣對抗賽即將於下週（10~16 日）於韓國首爾正式登場，來自太平洋 LCP 賽區的 CFO、歐洲 LEC 賽區的 KC、美洲 LTA 賽區的 TL、中國 LPL 賽區的 TES 與地主韓國 LCK 賽區的 HLE 將齊聚一堂，在一個禮拜內爭奪今年的第一個國際賽冠軍，而在比賽開始之前就讓我們先熱身一下，看看這些隊伍有什麼來頭吧！', 'CFO 戰隊今年陣容可說是大搬風，在只留下上路 Rest 之後，迎來 Driver、Junjia、Kaiwing 三位來自原本 PCS 賽區的選手加盟，在下路也成功迎回在 LPL 賽區奮戰的 Doggo，中路則啟用了自己的超級新人中路 HongQ，而駕駛者則找來了教練 Chawy。', '而到了整合日本 LJL、越南 VCS 與原本 PCS 賽區頂尖強隊的 LCP 太平洋聯賽，CFO 繼續維持著他們的超強競爭力，例行賽成績 6 勝 1 敗與 TLN 並列第一，在季後賽中 HongQ 也展現了自己的天賦，搭配其他經驗豐富隊友的好表現，最後順利擊敗 TLN，拿下 LCP 賽區第一賽段的總冠軍。', '在 Riot Games 宣布 LEC 賽區的選手必須滿 18 歲才能登上一級聯賽舞台的新規定後，KC 在今年終於迎來下路 Caliste 的登場。並且 KC 在這個賽季也迎接原 G2 戰隊的打野 Yike 加入，組成自己的新陣容。結果歐洲王者 G2 在這次的季後賽中似乎仍然發生了新陣容的配合問題，產生許多的失誤被 KC 抓住了機會，最後在敗部決賽擊敗 Fnatic 後，KC 就以直落三成功復仇 G2 戰隊，將 LEC 賽區的代表權收入囊中。', '直到現在，TL 賽區在美洲地區的統治似乎仍然無人可以撼動，這一次他們又再度以直落三擊敗了 100T，順利拿下第一賽段的總冠軍。只是，他們在第一賽段表現出來的競爭力也受到了大家的討論，因為即便算上例行賽，TL 在第一賽段的奪冠之路也只打了 17 場比賽。但總之，這次 TL 上路 Impact、中路 APA 與輔助 CoreJJ 等三位老將這次又將重回國際舞台了，他們肯定也會用盡全力證明自己的經驗與身手依舊。', '中國 LPL 賽區這一次則是由賽區強權 TES 拿下了代表權，他們從季後賽的敗者組出發之後，連續 5 個 3：1 擊敗了iG、NIP、BLG、JDG 與 AL 等強隊，拿下了第一賽段的冠軍。而這也代表，留下 2024 年陣容的決定是正確的，並且在這一次的 LPL 第一賽段季後賽中，TES 的五位選手也都展現了能跳出來 Carry 隊伍的能力，在 LPL 的賽場上他們肯定也是奪冠的超級熱門，希望能夠斬獲他們這個陣容的首個國際賽冠軍。', '在 LCK Cup 的季後賽中用 4 個 3：2 連續擊敗了 T1、GEN、DK，最後在總決賽舞台上又與 GEN 打滿五場並成功奪冠後，HLE 證明了自己在休賽期成功引援前 T1 上路 Zeus 的操作是正確的，並且也在保留了 Peanut、Viper、Delight 與 Zeka 等四位選手與隊伍的整體架構，也保持了隊伍在 LCK 賽區中的競爭力。而在第一賽段 LCK Cup 的表現也證明了 HLE 在更換上路後依然是 LCK 賽區的頂級強隊，而接下來如果能在 FST 當中順利奪冠，肯定也是 HLE 戰隊新陣容的初步成功。']|https://tw.news.yahoo.com/%E3%80%8A%E8%8B%B1%E9%9B%84%E8%81%AF%E7%9B%9F%E3%80%8B%E5%88%9D%E9%99%A3%E5%B0%8D%E6%8A%97%E8%B3%BD3%E6%9C%8810%E6%97%A5%E9%96%8B%E6%88%B0%EF%BC%81%E4%BA%94%E5%A4%A7%E8%B3%BD%E5%8D%80%E5%86%A0%E8%BB%8D%E5%88%86%E5%88%A5%E6%98%AF%E8%AA%B0%EF%BC%9F-035237896.html|https://s.yimg.com/os/creatr-uploaded-images/2025-03/e5b74310-f974-11ef-b3b5-bfc4d361de4f
esports_2025-03-05_4|2025-03-05|電競賽事|高人氣女Coser和Faker合照稱「他聞起來好讚」，雷蛇貼《我獨自升級》讓網回：是5冠王的味道|['《英雄聯盟》LCK 賽區 T1 知名選手 Faker（李相赫），前不久前往新加坡參加雷蛇（Razer）主辦的 10 週年粉絲見面會活動。除了受訪分享生涯經歷與一些趣事外，Faker 和新加坡超高人氣的女 Coser RURUSAMA 合照也引起討論，因為 RURUSAMA 在事後發文：「他聞起來好讚」，引網友回應：「是 5 冠王的味道」', 'Faker 在新加坡 10 週年粉絲見面會活動上，現場有許多知名的網紅受邀出席，其中就包含當地知名並且擁有百萬追隨的女 Coser RURUSAMA。事後 RURUSAMA 在個人 Instagram 的限時動態中曬出合照，表示：「他聞起來好讚，而且很有禮貌！！」後面又繼續補充：「我不是故意要聞他的，只是他就站在那邊」', '該限時動態被轉到 X（推特）上後引來網友討論，雷蛇官方也回應了一張《我獨自升級》的漫畫截圖，是劇中車海印聞到成振宇身上的味道時，發現明明是獵人卻不臭，身上還有一股很香的味道，勾起了她的好奇心。底下其他網友也跟著回應：「是 5 冠王的味道」、「Faker 用什麼香水？」、「我現在很好奇 Faker 到底是什麼味道」、「我好希望我是她...」', 'pic.twitter.com/TBgtAcsUxt', '— R Λ Z Ξ R (@Razer) February 27, 2025']|https://tw.news.yahoo.com/%E9%AB%98%E4%BA%BA%E6%B0%A3%E5%A5%B3coser%E5%92%8Cfaker%E5%90%88%E7%85%A7%E7%A8%B1%E3%80%8C%E4%BB%96%E8%81%9E%E8%B5%B7%E4%BE%86%E5%A5%BD%E8%AE%9A%E3%80%8D%EF%BC%8C%E9%9B%B7%E8%9B%87%E8%B2%BC%E3%80%8A%E6%88%91%E7%8D%A8%E8%87%AA%E5%8D%87%E7%B4%9A%E3%80%8B%E8%AE%93%E7%B6%B2%E5%9B%9E%EF%BC%9A%E6%98%AF5%E5%86%A0%E7%8E%8B%E7%9A%84%E5%91%B3%E9%81%93-030236667.html|https://s.yimg.com/os/creatr-uploaded-images/2024-03/ec33ca60-e76e-11ee-9feb-dfecc2f586ba
